Maurene,Jillane,01-09-2011,M,47,Maurene.Jillane@gmail.com,721276734,CA,,No,horseriding,EFjbnJTMtNjwDL,Mersin,401990,StQ,Cyprus
Dawn,Valoniah,23-06-2009,F,41,Dawn.Valoniah@gmail.com,966990108,BBA,worker,No,cycling,sCGiTcGCReto,Hat Yai,328741,NgnmRZ,India
Margarette,Moina,31-07-2019,M,2,Margarette.Moina@gmail.com,928035243,arts,worker,Yes,movie,QRdTHHLMWemE,Chongqing,305829,DWFNeH,Sudan
June,Erb,31-07-1995,M,61,June.Erb@gmail.com,825739804,high school,,Yes,bikeriding,OrebbyguKdUsiL,Oklahoma City,950119,vJUFk,Chad
Roseline,Vanni,15-04-2012,F,53,Roseline.Vanni@gmail.com,716285102,prmary school,,Yes,horseriding,HerATOyReTHpb,Raleigh,196383,wlcWf,Syrian Arab Republic
Courtnay,Morgun,30-11-2010,M,71,Courtnay.Morgun@gmail.com,958172349,MBA,,Yes,arts,vvzjXSBTGh k,Hangzhou,551161,OeBoI,Isle of Man
Dolli,Janene,14-06-1998,F,1,Dolli.Janene@gmail.com,968162329,high school,worker,Yes,game,IDBuzLFPpwvXgl,Taiyuan,724121,yzNu,Uganda
Drucie,Lubin,01-05-2018,F,76,Drucie.Lubin@gmail.com,859157022,secondary school,farmer,Yes,movie,ruXEjpQJkqQlU,Rockhampton,583898,Cu xrX,Germany
Jeanna,Brodench,22-05-2011,M,34,Jeanna.Brodench@gmail.com,785423510,secondary school,student,Yes,movie,ogPPaYzwquJLQG,Ilhéus,133033,SWE,Lithuania
Riannon,Chabot,19-07-1996,M,57,Riannon.Chabot@gmail.com,901261271,bechlore,lawyer,No,movie,aKLYXxTbhmgF,Xining,197406,Jna,French Southern Territories
